[
    {
        "id": "2fb7d211-978f-41c8-a3ab-e51d9df06280",
        "output": "瀋慶之聽命而自殺，瀋攸之為瀋慶之立功勳。"
    },
    {
        "id": "07f75449-94b9-4c3b-a525-e62cdbf85382",
        "output": "文言文翻譯：\n靈鑒臨見，忻歡同。"
    },
    {
        "id": "7b7ead70-1353-433f-a59f-7704594cce59",
        "output": "今欲遣使，欲取，必禍也。"
    },
    {
        "id": "b8adf597-edb9-46d4-a1a6-074ce9724f07",
        "output": ""
    },
    {
        "id": "87945a20-f869-4be9-b586-f5ce20ddd78b",
        "output": "中宗與庶人相逢，宴飲其室內，賜送禮物，但不敢多。"
    },
    {
        "id": "243f36a1-edbf-4f64-b7e8-4b7414ced101",
        "output": "朱全忠聽後哈哈大笑，歡呼起來。"
    },
    {
        "id": "d11ff6fb-4ff7-44b5-b08a-1dfa98249ec5",
        "output": "隋、遼、同、元並屢攻陷高祖所治的平、營、營，使他不能平定契丹。"
    },
    {
        "id": "d8d4baf4-c634-453e-83a9-08bb113e6547",
        "output": "建武帝蕭鸞繼位，繼承陳王蕭渾的政策。"
    },
    {
        "id": "72335b5a-ad07-4255-8a9a-0469ee1dd9f7",
        "output": "契丹主對彥卿敗獲之譏曰： 彥卿，不識時宜，乃為臣敵也！"
    },
    {
        "id": "d9de64d9-5c6c-4bfd-8e9c-136e43974319",
        "output": "齊領以都人出身，任命為南陽太守，當到達宜城，望視東邊的一傢Houses，使他到處停駐而觀察，則謂此房之主人而為墳。"
    },
    {
        "id": "c196d07c-8772-4209-8259-55acb98fa36c",
        "output": "泰始四年正月戊午日，皇帝親知育種田。"
    },
    {
        "id": "a11c6867-8e71-406f-8c14-94b41d473fbe",
        "output": "能夠服從政令，這叫做正紀。"
    },
    {
        "id": "e0614eb6-e140-48da-a7f3-699a3eb77b66",
        "output": "今也，奉祭品、弔之酒，皆由國君之子坐。"
    },
    {
        "id": "e8fb3265-f413-4f01-8c92-d88c882f88b7",
        "output": "孝文貞皇後林氏，來源於平原。"
    },
    {
        "id": "1ac96064-6d7f-46ae-babb-e188c014d9cb",
        "output": "至高懿政於，曰： 詔，以宇文述死，詔將吏使宇文中生。賜其之。"
    },
    {
        "id": "e5cd0e28-f412-41ae-a4ff-1d87a0652ffb",
        "output": "晉荀偃攻打陳國，因病不忍耐，就回去瞭。"
    },
    {
        "id": "6ce36df7-0a77-47c5-aee9-0b87f7995605",
        "output": "二十二日，商可孤攻破藍田，以守破為進，驅逐賊兵。"
    },
    {
        "id": "d3e772e6-7495-4da4-8a59-52a5dafd4119",
        "output": "詔令所關押的犯人，各以罪責在押。"
    },
    {
        "id": "badf11dd-a376-413c-aad1-24d1b36f0cc7",
        "output": ""
    },
    {
        "id": "6adf911d-b05f-4a0e-96a1-afd54c05de51",
        "output": ""
    },
    {
        "id": "a7906462-e519-44ea-aebc-17179ac258e2",
        "output": "彥澤曰：陛下無目可見。"
    },
    {
        "id": "8db3b894-c2a4-4c54-8a91-99d456196219",
        "output": "王琳強大、侯填的勢力，足以使中原受到打擊。為爭取天下瞭，攻禦勢洶洶，退兵迴避則向江南佔領；豪橫自私，傲視天下之勢。"
    },
    {
        "id": "b38c926a-7f6e-4775-91da-a91a567cd1f1",
        "output": "天下不興也。"
    },
    {
        "id": "8501f877-e115-43df-a19a-fa1e676a3e47",
        "output": "今可知大同軍多叛亂，斬殺段文楚，將李國昌之子李克為指揮。"
    },
    {
        "id": "85e86df3-9c28-418d-88f1-7cf5bb12b9dd",
        "output": "臧霸死瞭，索把他藏起來，齣糧給他，讓他招募索，讓王敦、尹禮和孔觀等人都過來投降。"
    },
    {
        "id": "e7c72e86-ce2c-47d1-a12a-5af2c78e57d0",
        "output": "行瑜等人無所作為。三月，溪復任職為太師。"
    },
    {
        "id": "24a56c5d-2ed6-4f85-a164-b8e21d31d653",
        "output": "既練而齣而反，則未期；既練而齣而不時，則期之。再期之喪，四年也；期之喪，三年也。"
    },
    {
        "id": "8c7a3eee-2102-4c2a-a656-faf8db4874f7",
        "output": "這句話用文言文可以寫成“不為其所，則其有毒邪。”"
    },
    {
        "id": "7281997a-b5df-4416-a631-40c99c2fb203",
        "output": "文言詞"
    },
    {
        "id": "089990b6-1fc1-4c15-8226-4ea079165198",
        "output": "因為郊祀禮重大，不宜由臣子代行，請求等到聖上身體康復，改換占蔔吉日行禮。"
    },
    {
        "id": "0859d496-aa89-4a00-b5a4-b551ee61884f",
        "output": ""
    },
    {
        "id": "ac49b418-200d-4a22-867a-8d1255130736",
        "output": "後主即位，給事中，大都督、河內王功績。"
    },
    {
        "id": "e6c21ae7-7d6a-4593-b759-55510e900f8f",
        "output": "文言： 遂謂公臣： 須察文之。"
    },
    {
        "id": "703d82bb-11c9-4829-80f4-990350acc42f",
        "output": "嚮人商量計謀，為什麼會轉移，就賣惡事人。"
    },
    {
        "id": "8a7a222c-b404-437f-8e74-888ddd6de420",
        "output": ""
    },
    {
        "id": "5439b638-e2dd-436e-9afc-6d7b5e5ccb47",
        "output": ""
    },
    {
        "id": "7c700d23-3856-4f3d-87c9-f6a52e207cd2",
        "output": "康懷英即康懷貞，因為避諱後梁帝均用康懷英名字而改為康懷英。"
    },
    {
        "id": "88da63a0-0a11-46d2-b65a-aac4e668fe1d",
        "output": "由各類告發者多，中外官民皆富貴而立，主上更以為門達能管通。"
    },
    {
        "id": "3d971fcf-f415-4ca6-8322-f84a93fe194c",
        "output": "因為謹慎對待慕容超，慕容超因此與慕容法産生隔閡。"
    },
    {
        "id": "b5e24a2c-e8fc-41f8-93d4-a0640992b4cb",
        "output": "太祖當時因雨積雲而心煩。"
    },
    {
        "id": "d9a8d024-0799-487e-8013-674499e3b68e",
        "output": "壬寅，太陰破食鬼宿。"
    },
    {
        "id": "4f98ad15-20e2-4beb-a8fe-f7aa9968d8c8",
        "output": "詔命將萬斤綿買入宮中，侍於湖州朝貢。"
    },
    {
        "id": "be746664-fce7-4baa-ac15-3dac0db41fa5",
        "output": "兗州刺史尋奏劾免除。"
    },
    {
        "id": "2b339da0-b3c9-4ba1-a8f5-4fd266dbcea5",
        "output": "樂安太守，漢高帝設立，原名韆乘，和帝永元七年改名。"
    },
    {
        "id": "fa397c5a-4992-412a-a994-6542b72d0696",
        "output": "從鄭絪的著作來看，他被視為學者，被任命為鄭陽縣令。"
    },
    {
        "id": "9665ec3a-aea0-4a07-b230-d0b8959b2bc5",
        "output": "平原之隰，是什麼在高上？"
    },
    {
        "id": "72e9e0cf-bd0c-4050-8966-86a98edb9ccf",
        "output": "彗星，謂之掃帚者也。"
    },
    {
        "id": "6022d06d-cabd-4486-a0a2-72ddcbb42292",
        "output": "今修文學，專注於寫作和談話，則不需要像從事農業一樣勞苦。"
    },
    {
        "id": "c815b2e1-158a-470a-b33e-541ff5fd3c55",
        "output": "冬至，禮成。"
    },
    {
        "id": "3de22524-07b1-46a6-b0fe-95d379b0033a",
        "output": "卿何嘗不奏奏諸議而得之？"
    },
    {
        "id": "ca7fbd3d-303c-4c09-8e2e-101f3847655d",
        "output": "加強弩將軍，遷太中大夫。"
    },
    {
        "id": "2781eda9-de97-4d49-ac1f-9d64501d1d1f",
        "output": "威瀋擅能演奏器，瞭解文脈，出身顯赫，子弟都喜愛武力，他卻熱愛讀書，諸兄則批評他喜歡打仗。"
    },
    {
        "id": "66907f88-6649-4132-b4be-39f5ad299579",
        "output": "太宗以兵數百，縱馬齣動，突襲賊人後部者，桑顯和軍敗。"
    },
    {
        "id": "b46acb1c-df40-45fa-afb6-a1b9c226f452",
        "output": "北周朝廷將宇文護請求擔任太尉，然後讓轉屬於禮部，加他的官階，升為都督兼加給與大司空。"
    },
    {
        "id": "6bcbbc49-1ff6-4bc0-ac10-f6585f9c0d1b",
        "output": "貞元三年七月，太後薨。"
    },
    {
        "id": "3899fadf-203d-4907-90a2-32e5883cce6e",
        "output": "城中已絕水。"
    },
    {
        "id": "d549501a-7b32-4e52-bc33-acf1d6e0e5be",
        "output": "當時，太陰星和歲星犯，某位大臣就死了。"
    },
    {
        "id": "e1b44f71-141f-46c9-b2cc-d0d0172de77d",
        "output": "夏水，是北方說夏河，南方稱滄浪，兩者相同也。"
    },
    {
        "id": "d48e04f4-6fab-47ec-b11c-61062810981a",
        "output": "世祖說： 你認為夢炎像葉李一樣賢嗎？"
    },
    {
        "id": "7bf26e1a-59d5-40cc-9347-25d46e26ead5",
        "output": "有者以為不食葷財，不近女兒，得此一功也，功成地仙。"
    },
    {
        "id": "0da9e3e5-dc32-4e6c-804b-06fcc130cc78",
        "output": "近，官吏為了升官，不久就換齣的。牧民不愛民百姓，競相集攏資源，接送已經去世的人去迎接剛死亡的人，因為這些對民生沒有好處，而是對人民來說是保持道路平整、維持治理的。"
    },
    {
        "id": "93ba6840-f03d-42af-8a40-1e3406c2d204",
        "output": "元夕，十二月己丑，以大司農、衛將軍、遼東太守陳國何熙行車騎將將軍。"
    },
    {
        "id": "c4877dde-1cc8-4b9a-b6b4-7a8d2932d403",
        "output": "時，齊、梁兩國有齊天、梁天，齊天屬齊國。"
    },
    {
        "id": "05777600-2826-4681-a41b-3590c83bad26",
        "output": "請告訴我你違反誰的懲罰，並解釋原因。"
    },
    {
        "id": "3031331a-f218-4ce1-9337-bcd9670ea950",
        "output": "吳璘卒，世齡六如歲。"
    },
    {
        "id": "d8416ad6-b4fb-40e0-8d70-e3de0100bc9e",
        "output": "現代語： 是時候，瞭。"
    },
    {
        "id": "b20c9f16-e715-4ac4-aab1-48ece7f5f4bb",
        "output": "中書監、錄尚書事、衞將軍，名為王弘，在五月壬申逝世。"
    },
    {
        "id": "dd3f60d2-a734-41cd-ac81-d2cad80835bd",
        "output": "宰相懲惡，己獨解錄，推禍委罰，歸之有在，自古僭逆未有如斯者。"
    },
    {
        "id": "11fc1719-5c6a-4b1d-91fe-30916fca6163",
        "output": "實在無法妥善處理，以至於僱用工匠，卻給木塔晃動的原因由來瞭的苦惱，給妻子託口給喻皓的妻子金花。"
    },
    {
        "id": "1d749e6a-2159-48ec-9567-bb617bc22cae",
        "output": "上諭軍之，乃遣尚書省以書。"
    },
    {
        "id": "b1f02fd7-a6d5-417c-87e7-505831479a93",
        "output": "使者說： 賊人在我門所對者，他已經在穿衣打扮瞭，不國離。"
    },
    {
        "id": "db35b753-351d-4314-9323-f907808aa7b7",
        "output": "你的軍隊採用義而攻伐的戰術，沒有什麼能阻擋瞭我的，我可以用這種方式來銷毀百姓吧！"
    },
    {
        "id": "2a4a35c0-6273-4d38-995b-0208618adbf1",
        "output": "牲畜、器皿、衣服不完備，不能祭祀，也不能舉行宴會，還難道不該去安慰嗎？"
    },
    {
        "id": "b4c07b51-3bd7-4512-a196-f2db6e90c371",
        "output": "十二月，甲辰，憲宗將山南東道節度使之加封為與平章事。"
    },
    {
        "id": "1dc6a04e-ba16-4f2a-844e-0dce2176462d",
        "output": "京師上旬有雨，後來下雨雹雹，地震。"
    },
    {
        "id": "2a3e47bc-bee2-4f1e-8f37-533c6f432f67",
        "output": "又說： 第一顆錶示，第二顆發示地，第三顆錶示火，第四顆錶示水，第五顆錶示土，第六顆錶示木，第七顆錶示金。"
    },
    {
        "id": "6b39c935-4ffe-4cec-b813-926904a8863c",
        "output": "事後，屢再詢問女巫的預言，請求她說些好運的事情來緩解憂慮。"
    },
    {
        "id": "34860aae-9037-4d12-b427-cd038329242e",
        "output": "此話，乃是舊情所生，不計而求有情。"
    },
    {
        "id": "7bbd1e74-b5c3-434e-852a-14a251469885",
        "output": "各族酋長前來拜見他時，隨從官員或貧民接受禮遇應當以恩物犒賞給之。當他接待並宴請酋長時，更以服裝以衣袍為貴重物品來替酋長換上，酋長們無不滿心歡喜、歡欣喜悅。"
    },
    {
        "id": "85a440e9-0b33-4856-bfa4-58095c9af250",
        "output": "漢末，為秣陵尉，從屬曹公，嚮東追擊，敵人擊傷曹公的額。"
    },
    {
        "id": "9c0fe836-470f-4ce5-91ae-dc6749120a57",
        "output": "用計謀，不拿寶劍伐而取勝的，這就是他所做瞭的。"
    },
    {
        "id": "6944b5b5-3dcc-49b3-9a1a-13914419f9f4",
        "output": "太祖上奏丁會為潞州節度使，因為丁、韓之病。"
    },
    {
        "id": "0c6d7fe2-04e6-4e06-9731-05341ce6a568",
        "output": "靳 尚 隨後 在 法度 的 助導 下， 一齊 敬拜 道，齋戒 完畢 之後， 走 開。"
    },
    {
        "id": "cd27e23d-b707-412c-96f2-e59529ac7b4c",
        "output": "藩、容歸漢。"
    },
    {
        "id": "0552aea9-20e9-4cbb-b3b1-42ffd4ac6633",
        "output": "初九，車迴歸至宮中。"
    },
    {
        "id": "7192faf3-bd87-4489-9df7-593f410fca90",
        "output": "境廣而少雨，以土壘之城，以木建有，土覆於之上。"
    },
    {
        "id": "551bb72e-68f6-4d8d-9800-d7a55ec78892",
        "output": "既能謹其好惡，然後聖人，又製作瞭鞉鼓柷敔塤箎，這六種樂器。"
    },
    {
        "id": "7d74d352-a907-4357-b7a2-5c6c451186e9",
        "output": "皇上對高熲說： 晉王妃有神靈附身，說晉王必有天下。你應該如何應付？"
    },
    {
        "id": "a3c312f7-9c7c-496c-b2d3-5b553c809f2f",
        "output": "帝親臨葬禮時，送葬於地。"
    },
    {
        "id": "c7939a30-d14f-45db-8980-99da4b001d61",
        "output": "牟誌夔，這是福建的巡撫，忠於正義、正直，朝廷卻不信任他。於是派遣他到邊疆守衛邊境，結果在他守邊的路上死亡瞭。"
    },
    {
        "id": "14817ff4-840b-43a6-98f7-1059758cac39",
        "output": "這是說：您聽說說魏國跟韓國鬧得很生氣，如果魏國不救韓國，韓國會不滿魏國，然後聯合周國來攻擊秦國，那魏國就很危險瞭。"
    },
    {
        "id": "bc303adf-6dd2-4b96-8c0f-f9e5d2557f7a",
        "output": "你們的軍隊南陽戰勝，請將右丞託交給省君呈交，讓他進入關內，也可以讓府長史元潁為司隸州郡官事。"
    },
    {
        "id": "3c5d2465-0652-4afd-a81d-0cc6c14d0a68",
        "output": "君子無能而為大事，小人可大有所為，不亦宜哉！"
    },
    {
        "id": "09dabf4d-dd4b-4522-805d-a6ec2ebee952",
        "output": ""
    },
    {
        "id": "20a6cc75-bc7a-4981-9512-7ae05b62ba89",
        "output": "師丹認為很難，哀帝不聽從，因此遺留下來的會有他的人稱批評。"
    },
    {
        "id": "5302610e-ea7a-48c8-9995-48f21abead28",
        "output": "五月癸亥，敕西夏都城的馬五百匹。"
    },
    {
        "id": "a4364a82-a4f4-4cc9-83a2-1c49f15bdb86",
        "output": "北迴去瞭裏，進入澗中一裏，邊緣有條小道，遠齣村而抵，是寶颱，是從阿牯寨到寶颱門的小溪水。"
    },
    {
        "id": "e1acd03f-7f26-4ce0-a8de-f09a3e3c2d1d",
        "output": "卿言為臣所不忍耳。"
    },
    {
        "id": "4c571649-7187-4566-8175-5beb40e2ca7a",
        "output": "王德性情樸實，言行嚴謹，素來不作不當之事。"
    },
    {
        "id": "c6415703-6c96-479d-9483-0aee8890ca55",
        "output": "臣曰： 帝大喜也。"
    },
    {
        "id": "cf257ce0-c039-4d8c-9136-26be3fce12cf",
        "output": "他們聽說，公孫彊做了很多壞事瞭，於是，公孫彊就帶著他的士兵攻擊瞭他們，他到了這個地方瞭。"
    },
    {
        "id": "84184220-3543-4109-96a2-07a08731358d",
        "output": ""
    },
    {
        "id": "ea58c2ec-4d2f-4952-a1bd-539edfd5d2d6",
        "output": "臣聞，為晉安，至非公義。"
    },
    {
        "id": "0cee6af8-6225-41a5-8a2d-3df13725fdfb",
        "output": "以至專傢，見，無等相待，故於時復齣。又，見，少有所失，有其以補之。所以，不至於不齣。"
    },
    {
        "id": "a734e8a0-8151-4de8-85ab-86f7f303dfa5",
        "output": "是，我派雍州長史薛季昶為持節，山東防禦大使，指揮滄、瀛、幽、易、恒等八國，平定諸州。從瀛州派指揮官張仁統領各州及楚、藏之兵，與薛季昶等同責，同時任相王為西北將軍，監督各軍使。"
    },
    {
        "id": "318df1aa-31da-4f83-89d2-32bf69d25c0a",
        "output": "子宣，以江悅之兒為子。"
    },
    {
        "id": "f19efd74-61d5-4f0c-b6ba-c75f8c478a8c",
        "output": "心之精，意道之精；目之精，視道之精。"
    },
    {
        "id": "cfac229c-4da1-4e74-8668-f723b9a42320",
        "output": "十一年，授任南秦州刺史。"
    },
    {
        "id": "eff797d4-b9af-4de4-901c-c59c011d7ddd",
        "output": "李密因崇高但驕縱，仗著擁附國傢的功勞，皇帝給他和賜賞不符，因此鬱鬱不樂。"
    },
    {
        "id": "48f21702-d5b0-4dc1-8273-4665faaac7bf",
        "output": "家人問： 他怎麼能這麼快便回瞭呢？ 回答為： 他騎上親傢的牛去了。"
    },
    {
        "id": "e4b54594-d601-4775-aaed-8dede8616f74",
        "output": "陛下在批閱奏章之餘，親自駕著打獵車，駕至凶獸多齣沒的森林洞穴，捕殺凶惡獸類，為百姓安保，利用動物之皮，縫製兵器。"
    },
    {
        "id": "1677d468-f133-439c-8c85-59ccd2a71ae1",
        "output": "宋獻公宇文震，字彌俄突。"
    },
    {
        "id": "824eaa9c-0869-433f-8a7e-363651ea536f",
        "output": "寇為寇，平原為平原。"
    },
    {
        "id": "ee92faac-fbbb-4486-83b1-e0eb44354fd3",
        "output": "平定國傢，讓國傢安定而和平。"
    },
    {
        "id": "3cc156cd-bf21-4774-bf93-a7fb55e644cf",
        "output": "這位官員原本是左官，後來調轉為散騎常侍。"
    },
    {
        "id": "5f766973-4df8-4759-9804-240cb9a56914",
        "output": "人者，自然為其德所行，雖無我所及，但理亦有其也。"
    },
    {
        "id": "be05cd58-6b5b-4a56-92c7-2f0defacecae",
        "output": "莊顯將從廬山迴到安慶。"
    },
    {
        "id": "afed018a-7ad9-48ac-ba35-f0babf459ec7",
        "output": "曆：又。"
    },
    {
        "id": "96ee972d-561f-4c4f-9384-6121e2905b3d",
        "output": "璿璣玉衡所製的兩個圓規，也即是璣，有兩個相對的璣，距離象裏的璣度數相仿，璣把圓規咬住的則稱之為牙。"
    },
    {
        "id": "395d7b89-e61b-4c81-8828-d4975c346d95",
        "output": "誓戒大僕： 有違令者死；誓戒馭夫： 由於其行非違命，則不處死其畜。"
    },
    {
        "id": "20bc4bb5-5f51-41fb-83cc-4f5c36dd14d1",
        "output": "上宮中 大宴，裸婦人而觀之，王女以戶扇遮掩。 上怒曰： 外捨寒冷！"
    },
    {
        "id": "c0a0921a-f21a-434d-9fc1-373855a01944",
        "output": "淮南之王告以相輔，相聞不從。"
    },
    {
        "id": "71520e6e-9d2a-4460-8f94-31de25367f7f",
        "output": "雅裏也說： 有的人應該自己有。"
    },
    {
        "id": "a135bf1d-3615-4014-b9f6-0a3517fcd95d",
        "output": "二十八，一千。"
    },
    {
        "id": "d0f2e603-f912-4c80-adcd-58af5ba76524",
        "output": "又走一裏，你會遇到一個懸著的石頭，從這裡往西走直行，會到達著名的危峰前。"
    },
    {
        "id": "c7395930-8655-43a8-a7a1-3bd8d6a8ba69",
        "output": "陛下之年屬三十三年，嚴思襲得賢子，嗣為太宗侍中，掌行颱政，並有功力。"
    },
    {
        "id": "1b8f6b2a-3c60-47a1-a758-e3d342008f10",
        "output": "於齊，田都者。"
    },
    {
        "id": "08c33a21-b5aa-40ca-89a6-b53570acb840",
        "output": ""
    },
    {
        "id": "7cbf9ec6-b255-4154-8cfb-b44840021e61",
        "output": "曰： 伐烏林麯為八十一，其與《新烏林》之有，十以其九，八以三。"
    },
    {
        "id": "4a16bd5b-8bde-4c02-a601-f764854eba0c",
        "output": "故隴西太守張紆下詔，允許其返回迴去。"
    },
    {
        "id": "e0339441-569f-4363-9149-f8ee7edfd435",
        "output": "皇帝聽從瞭賢臣的勸諫，奏效並有益。"
    },
    {
        "id": "f472f1de-ef5e-4097-98b0-860ccd1440c9",
        "output": "三將至，繆公素服，嚮凡三人哭告說： 朕所用沒有百裏妾，閒叔說這使我辱辱瞭三弟兄弟，你們說它們有什麼錯呢？"
    },
    {
        "id": "80f39fd0-01ef-419f-8d1f-866936274439",
        "output": "韋覲其事。"
    },
    {
        "id": "cacb5c10-31bd-46ad-a5f2-48b335b73061",
        "output": "嘉甘棠，燕樂。"
    },
    {
        "id": "b01b8726-a3df-4879-aa8e-7ec3cd9b90ad",
        "output": "shortly afterwards, he was封為涼國公。"
    },
    {
        "id": "e5e53462-4d76-4702-a499-5a7d6afe35cf",
        "output": "遂以蕭介為之；王筠等則被遣去行軍。"
    },
    {
        "id": "1e7f9bd2-7c52-4c34-be35-f81eeaf25345",
        "output": "因為歷經多年的政術，不敢再齣現出來。"
    },
    {
        "id": "be55864c-9cfd-47d6-b75a-3f9e53f8eea6",
        "output": ""
    },
    {
        "id": "05003dde-3463-45c9-9f3d-bd0e5ff0f05b",
        "output": "而劉錶迅速攻打張羨，張羨病情痊癒後去世。"
    },
    {
        "id": "5cec4a4c-a77d-42e4-ab26-74fe9bec1a05",
        "output": "何事？"
    },
    {
        "id": "4c9fb530-9954-4abf-93ce-555719753266",
        "output": "於是眾人獻上祝壽的香酒，然後就離開瞭。"
    },
    {
        "id": "56479a57-1611-4de5-993b-25677120b5a1",
        "output": "陳虎以魏國為東，以王為南；以魏國為東，以燕國為西，有燕人曰：以陳為東，以王為南，以秦為西，此曰魏，秦為主，乃得其至也。"
    },
    {
        "id": "0e79a40c-b55f-40ae-a40a-b110273a68cf",
        "output": "丞相王丹，您答謝車下之人。"
    },
    {
        "id": "3629f32b-e316-4a46-93bf-b893c504d8ac",
        "output": "蘇至柔部部族迴退守守浮橋以南，淮王與軍隊迫追；至柔部潰散逃走，逃走瞭，蘇至柔的兒子保全瞭，逃到淮河，以鞏固自身力量。"
    },
    {
        "id": "3fd362a7-869e-4f41-9b51-c7f5650b6add",
        "output": "夢鼎夢，乃願迴朝。"
    },
    {
        "id": "d8d6ca0b-c77e-403b-90f2-0dc1834c1090",
        "output": "皇後居住地方，裝飾和前麵所述的禮儀是一樣的，隻是更改設置瞭絲帛案。"
    },
    {
        "id": "1a086939-d26e-4074-9b88-53d36a1bd8c4",
        "output": "思復想著，韋氏以內閣為謀反，殺掉宰相，韋氏在閤臣的府裡談論國家危亡，白帝必會成為宰相。"
    },
    {
        "id": "41c61222-4c3e-4549-93e3-568f37455362",
        "output": "正月，以司空禦史高伯等充任為禮部侍郎。"
    },
    {
        "id": "d1062b89-72b1-4296-90a0-94bd871068b9",
        "output": "貞觀五年，獻女樂二。"
    },
    {
        "id": "1ee123f4-bbb7-414a-a101-3614fff77fda",
        "output": "請讀奏，至當年，高祖帝賜贈給，皇帝也贈予有功臣。"
    },
    {
        "id": "38503497-7484-4579-932b-f41b480845ec",
        "output": "你們不請卑臣來。"
    },
    {
        "id": "90497d3d-68fb-47d9-95cd-7f4e19e6121c",
        "output": "可是這樣。"
    },
    {
        "id": "42e65378-9530-4b62-9fac-91ed26ba2208",
        "output": "臣以德聞，必當。"
    },
    {
        "id": "59518e2f-22f2-4447-ae4d-343f804a150e",
        "output": "斬朝為晉高祖。"
    },
    {
        "id": "f75b6268-3160-4067-a4bc-310544955426",
        "output": "行饋食禮時所進獻之的食物為籩、棗、栗、桃、乾梅、榛。"
    },
    {
        "id": "0befeb7d-38a5-41da-aa8c-261e52435952",
        "output": "來到一座院落，門外鎖得很嚴密，但從門口微微打洞，可以觀察到庭院裏有一片花草盛開，房中坐著一塊墊子，敷著褥子，樓梯下有人焚燒香料。"
    },
    {
        "id": "7e5ae935-41f6-4b0f-a1b1-3e141693f3b9",
        "output": "謹知！"
    },
    {
        "id": "5e7af0fc-f3ce-4aa1-8de7-463787cc4e8b",
        "output": "牡丹開花好美，但無能以賞其花，棗樹開花雖然小，但總能結齣果實。"
    },
    {
        "id": "002d2ce7-83e4-4672-9e7e-8d407e5f6138",
        "output": "你說《周禮》中，王穿什麼樣的服裝？"
    },
    {
        "id": "16e5de98-dcf1-45df-9d6d-d4e9b62b5e60",
        "output": "薛令，漢代的舊縣，屬於魯。"
    },
    {
        "id": "c530da18-5b60-4e50-9613-7459a0fa37f7",
        "output": "遷為軍功勛，得免縣郡。"
    },
    {
        "id": "d9eff6d6-beb2-4aae-be47-fcccd333a31e",
        "output": "這句話在中國古代，怎麼說？"
    },
    {
        "id": "be08c342-6b60-43e8-a856-ceb338633e0c",
        "output": "淮水又東北，濠水注入淮中，流於禹墟北，又西齣注入淮水。"
    },
    {
        "id": "edec96b6-9ffa-4d47-a7dd-3864daec84fa",
        "output": "這是六月的水果和蔬菜。"
    },
    {
        "id": "7215a7a4-e19b-47b7-be7e-1c5f7e1dd247",
        "output": "左衛大將軍宇文述告誡煬帝，選擇幾韆名訓練有素的輕騎軍人，突圍齣來。"
    },
    {
        "id": "51fb3959-2c4a-4ca3-a3e4-061a98b1de4e",
        "output": "山林中，盜賊自有其根，不當施救者，自有其因。"
    },
    {
        "id": "a94dd344-261c-48ba-bf6c-d915043f2332",
        "output": "天子未及臨征，君有叛逆罪，可自自知。"
    },
    {
        "id": "c2923501-9cd2-4b73-a625-28c114165dba",
        "output": "可以先詢問姻親的同意，說這件事，告訴他們是為了防範未來可能的敵人，不要說這是為了復仇。"
    },
    {
        "id": "7ad6798a-be18-4170-927d-e5fe9d0171d7",
        "output": "沒聞。"
    },
    {
        "id": "f4f8e69e-6b11-4114-8f4e-1e085a8a195b",
        "output": "世祖以為可。"
    },
    {
        "id": "8f130dc9-066b-4452-9883-8fce1690a576",
        "output": "請得請真宗到華山。"
    },
    {
        "id": "af215383-c407-41e1-ae6d-65597d19914a",
        "output": "冬、十月、己醜。"
    },
    {
        "id": "b093d9d5-c2af-4420-ae66-397241b3167c",
        "output": "開運元年，楊光遠占據青州叛亂，當時契丹剛剛南下侵犯，博州刺史周儒齣城投降，楊光遠及周儒派使者引契丹輕騎在馬傢渡渡黃河。"
    },
    {
        "id": "3399e0ca-1c49-4d41-b6e5-67c440a573ed",
        "output": "所未見之者，應考慮。"
    },
    {
        "id": "04e6c943-cff0-47d0-b23d-3eb660203819",
        "output": "這句話在中國古代應說： 一則為其以也，二則為其有。 此二皆為治亂，豈不亦可？"
    },
    {
        "id": "bfce72e4-39a4-419d-aba0-9b5292cd7fb5",
        "output": "將這段話翻譯成普通話，意思是：把詔書送瞭給遠處的親信，告訴他。然後命昭副以他的兵，撫養那些以前的貴族。"
    },
    {
        "id": "84170fbe-f1ba-499f-9a00-a78d3b4fb45b",
        "output": "說： 皇太後問： 為什麼我這麼不行呢？所以沒有人來幫助我，以前的侍奉東海的王公子，他希望能夠繼承正統，而他是聰明有禮節的人，聽說他是想讓女兒學習書法，我認為他有可能能夠做齣瞭偉大的事情，但是他的性格很壞，這讓人感到不安，他就像日月一樣氾濫。"
    },
    {
        "id": "e961c6fb-6530-4ba6-aad1-d81d5cc9dcc8",
        "output": "毀風敗俗，無益於化，古今之失，莫大於此。"
    },
    {
        "id": "7f33be44-d651-4d84-a3dd-a65513e0431d",
        "output": "豆盧革當宰相，建議按唐朝慣例，皇子都當宮使。"
    },
    {
        "id": "882d0d87-7e22-462e-b5d6-0bfc7fe452af",
        "output": "黃門侍郎又因為令長史劉孝勝使人懷疑，所以讓工畫《陳平度河歸漢圖》遺留瞭下來。"
    },
    {
        "id": "645f4e03-9225-4195-99ad-9a6f69f6ef0c",
        "output": ""
    },
    {
        "id": "598fb0be-6081-4657-8115-1375f31e9443",
        "output": "刑司為宗謙所屬，因宗謙為盜贓，與京兆虎牙都尉、都尉屬同在刑司。"
    },
    {
        "id": "c9fe348e-4fcf-446f-bf3d-6ea8611da610",
        "output": "此言以示章不知天意，應以禮服儀者，以示敬交。"
    },
    {
        "id": "b0e19f0a-83f9-4504-99ce-406a7f755288",
        "output": "己巳，詔免遣官招集畏兀氏。"
    },
    {
        "id": "ccdb3dc2-132f-4827-a469-a8af10a50ca4",
        "output": "敕令讓他擔任給事中，從這個時候開始。"
    },
    {
        "id": "2e4d2070-ad6e-4320-8424-a2af1902bbd0",
        "output": "曰： 以朝，今以卿同行。"
    },
    {
        "id": "0b499f03-9a08-47de-98b0-cd3ffb468420",
        "output": ""
    },
    {
        "id": "a58ae0fc-af05-47b4-ac76-1c3df9e42a6b",
        "output": "十一月，西魏攻剋江陵，高祖與僧辯應運來，請安王以太宰親迎之，又奉長史謝哲以禮諭之。"
    },
    {
        "id": "3a4dde55-c8cc-446e-94e1-88ff0660bd83",
        "output": "中官崔文說用他的兒子來當副將不使岳持作官，岳持不能接受這個提議。"
    },
    {
        "id": "59f85d95-95a1-40d3-a011-8fda8bacb355",
        "output": "presently the two sons of Qin King, both mothers are guilty and abandoned, no heirs."
    },
    {
        "id": "c73ee111-6d41-4301-856d-fef20a24359f",
        "output": "龜年就是曆法系統中的一個年。"
    },
    {
        "id": "6f0e2f00-beaa-45ac-baad-9c8072fc4edf",
        "output": "今亦遣言令民以告，免除民於稅課，讓民免於以力作賦役。"
    },
    {
        "id": "fbab851e-c948-46aa-b4bb-858a9c519e88",
        "output": "釋免瞭特母哥。"
    },
    {
        "id": "ff9a2183-6bcd-4bf4-85e8-cc2f2800b6b0",
        "output": "使百姓改變看法，用以實之廣遠深入而教化，其至遠至深，無所不能之事。"
    },
    {
        "id": "42e31963-0027-4c72-86f2-9449eda3015f",
        "output": "皇上對溫造的舉奏，果然 all 被聽通。"
    },
    {
        "id": "bfda7483-c0b7-4772-bd8f-dea52684f804",
        "output": ""
    },
    {
        "id": "2722138c-0ef2-4e19-92d9-90a422d693db",
        "output": "僅僅是供養兒女吃穿，而不好好教育，是父親的過錯。"
    },
    {
        "id": "882d1269-8d12-4c9e-8f2c-d84650b272b5",
        "output": "今尚獻、昭、乾、定、泰五陵各造屋以三百八十間，元、橋、建三陵不敷之久，需補修。"
    },
    {
        "id": "9b3e770a-4789-4b7f-9a44-62c5ba9fd5b2",
        "output": "忠於國家，治理天下。仁之大，變幻無常。"
    },
    {
        "id": "513d08b5-40a6-4896-98fb-3ee9adbc13c5",
        "output": "陛下臨幸而聞黑龍，其黑氣似龍，而現於宮殿而食之。"
    },
    {
        "id": "e8330052-f939-4adc-9eca-47715a1b1df7",
        "output": "夫孫策之眾，亦是精銳之伍。"
    },
    {
        "id": "493f3b8a-9d61-458e-a339-96aa999707aa",
        "output": "當宋國時，你準備遠行，你對遠行的人應該送迴盤纏。"
    },
    {
        "id": "92305545-0517-4233-8a31-fedf0507b41b",
        "output": "你怎麼能容忍這樣做啊？"
    },
    {
        "id": "65ae2ee9-ef75-412a-aa79-cbab957591d3",
        "output": "病人搖頭，說： 太過瞭，我死瞭就夠瞭。"
    },
    {
        "id": "840bc1fb-a988-41d4-99c7-8a5c557ea68e",
        "output": "硃熹，南司、鎮、司空、侍中、吏部尚書、禦史、承度、右侍中，因其有功，被賞賜秘閣書事，以事奉國傢，並負責外使，管率其鄉傢，卻沒給他位子。"
    },
    {
        "id": "ef7fa5be-2637-4af4-83d6-f165b18b4691",
        "output": "唐楊敬述稱《霓裳羽衣歌麯》。"
    },
    {
        "id": "f23e2444-0ec8-413b-9f3e-87a8a431cb96",
        "output": "陛下對你既要謙虛又要謹慎。"
    },
    {
        "id": "968cd29b-bed1-4ecb-9bb6-c8c9d0e6b385",
        "output": "將關捩藏在腹中，吐齣則飛行，可達百尺天際，到一裏外才垂落。"
    },
    {
        "id": "727dba18-05f3-46f2-a099-55c485125012",
        "output": "京兆尹黎乾，戎州人。縉陳述時事，因病不能去。縉於陳述時事之前，曾與黎乾交談說： 黎乾，您是大南的君子啊。"
    },
    {
        "id": "ca92b850-a09d-4ad6-a10a-9f5ec94b241b",
        "output": "順宗當作皇太後後在位，他被遷任左光祿大夫，如早先的翰林侍中一樣。"
    },
    {
        "id": "7c74a10b-f009-4fec-b04b-244e0f867176",
        "output": "現在，皇上以身作則但政令卻不能遵行，用法治但人民卻不受教化，是不是建教行但掌握方法有齣問題瞭呢？"
    },
    {
        "id": "a6623cac-af5a-4f02-a76d-d2b16d96e194",
        "output": "四年，任命李弘為使持節、北徐兗州軍事統帥、徵北將軍，任命南徐州刺史。"
    },
    {
        "id": "e82e7bf7-8105-446b-be65-adf2ac39c4af",
        "output": "他迴答說： 是啊，進去城的人大約十多萬人。我們開城後，只有一萬多餘的人留在原地。這是餓死的人嗎？"
    },
    {
        "id": "af234a1a-4d65-46e6-9ddc-414e809bd9f0",
        "output": "朝廷中的臣子提齣列明，指稱是國傢要考量的事，然後全部擱置迴迴，不予以施行，甚至有些因此受到嚴厲處置，這是嚴重的罪過。"
    },
    {
        "id": "432326ad-6a28-4d4f-93f7-aa8cd2b393de",
        "output": "他仍三、五天去一次中書省，商議政事。"
    },
    {
        "id": "0020ed81-89b9-4ad4-9860-eb9ebaf2b139",
        "output": "您是池塘旁的貴族，卻被波裏之水侵害。"
    },
    {
        "id": "f94d6b2d-abba-4780-9b74-332cdf78843d",
        "output": "你以反對前來監察你的冤屈為因。"
    },
    {
        "id": "9dc30af6-a08c-4e7f-b4ef-fe34bbe260a7",
        "output": "即而迷失道，遲明，唯進一捨，乃馳。"
    },
    {
        "id": "e488b8c2-99c1-403d-a329-ba2cb172cc8c",
        "output": "盧延貴深恐懼，匆忙逃跑，呼籲： 毋懼惶慮，臣屬眾等！"
    },
    {
        "id": "920cdace-4403-4982-be69-d9f32eaa186a",
        "output": "正統元年，擔任西行颱監察禦史，並在建明八大事務上負責： 1. 正君子德。 2. 結納人民之心。 3. 崇尚禮儀和規矩。 4. 嚴守紀律。 5. 檢驗治理。 6. 施行孝道。 7. 減輕民擔重負擔。 8. 修飾軍事制度。"
    },
    {
        "id": "3d94fb41-dc13-4299-b7a7-c81e101e4834",
        "output": "太常寺上奏： 依據禮儀規定，婦人不應用鼓吹唱歌。"
    },
    {
        "id": "199e55c1-1634-4d16-a2e3-9963be4eb88e",
        "output": "河水以東到平縣舊城的北部麵。"
    },
    {
        "id": "437f4eb3-444a-4dc0-967d-167afdfbab9b",
        "output": "琴徽生病瞭。"
    },
    {
        "id": "e2c658ad-8ece-49ec-9152-66f3a5bdaf4d",
        "output": "齊王就上錶章請求辭讓尚書令。"
    },
    {
        "id": "94411cf7-e2a4-4dae-9401-f484ffa9d1ef",
        "output": "這人身高八尺二寸，體型魁梧，喜歡飲酒，但常常遲鈍而不被重視，朋友不看重他。"
    },
    {
        "id": "c711f1a8-5a2c-4950-966e-33ac7314d46a",
        "output": "以至，宜以殷浩乃以其謀。"
    },
    {
        "id": "9fda85f0-9149-406d-9208-00e4a85aff2f",
        "output": "爵士可以申請，符合要求，是。"
    },
    {
        "id": "a9844343-854d-46bd-9578-efe27978f47f",
        "output": "召集四部將並選擇他們的百官，分配任命給各部將。"
    },
    {
        "id": "277fd0e1-1718-4b2c-a00d-ac3a37905735",
        "output": "三月，甘美的雨露降於桐樹，乃北郡。"
    },
    {
        "id": "8fbcd1f8-6304-47ea-a5d2-2961d18bf640",
        "output": "如果我再病瞭，就請你歸去。"
    },
    {
        "id": "05af41d0-76f3-4c2b-b3e6-6ad0d003efc0",
        "output": "他守住瞭知樞密使，把他帶到北麵，便讓他住家養活，撫養他的妻子和兒子。"
    },
    {
        "id": "6af2a622-d9ae-49db-89b5-d56f588df4ec",
        "output": "江陵從屬到周武帝的重大臣子，對太白武帝的重視。"
    },
    {
        "id": "c2cfd82d-826c-4fe5-a482-d797aa45a4db",
        "output": "以時，華歆為豫章使。"
    },
    {
        "id": "b3870ad7-2dbf-4f11-acb5-ac256ea852dd",
        "output": "世宗敕令，賜諡興獻帝為生生奉先皇考恭穆獻皇帝，亦賜諡興國太後為生母章聖皇太後，擇三寶寺祭告，通告天地，並建造世室，奉祀獻皇。"
    },
    {
        "id": "0bf196ee-d0ce-4a09-a9a8-0415f303f36f",
        "output": "辛醜，阿閤馬妻子的妻妾。"
    },
    {
        "id": "92903f1c-5946-4c77-9b95-90d6b51a804a",
        "output": "敬則的女兒徐氏與謝夫人結婚，而敬則的兒子幼隆於是請正員將軍徐嶽先稟報謝，說： 如果謝願意隨我去和敬則說說那，我願意告知他。"
    },
    {
        "id": "1f91db9a-0913-45f7-9960-4a2b1a1088a4",
        "output": "汝若意以我害，不敢遁此罪。汝亦無望以此逃過。"
    },
    {
        "id": "afea3912-09fa-44f6-94c4-e4144fef27b1",
        "output": "以至，二十八日，真定路之武邑，遇雨水，為損稼所苦。"
    },
    {
        "id": "fa90eeeb-d38d-47a4-a29c-af470804b5d4",
        "output": "枝、乾、張、揚。"
    },
    {
        "id": "1af55a1b-078a-4b16-bae0-36283a268ecf",
        "output": "所以，當一個人修鍊心性的道理，能夠以不富有來卻感到快樂，或者達到的境界又感到快樂。人若因貧乏而不快樂，因無所至敢於達到的境界也不快樂。"
    },
    {
        "id": "acc96895-cc50-4dc2-a49b-ecdb78c8ec11",
        "output": "十八年，官府都嚴格要求交稅。"
    },
    {
        "id": "a4bd0ee3-598b-4914-a70b-2f1061139cff",
        "output": "君若犯禮儀，我且告你，朝廷是之。"
    },
    {
        "id": "478c34a1-9ab8-49cf-8f1c-3f8b2a9b3665",
        "output": ""
    },
    {
        "id": "66e6dae5-06e3-44f5-ae52-e0b0c323026f",
        "output": "後霖雨益甚，世民稱諸將曰： 虜所恃之弓矢，今積雨彌至，筋膠俱解，可射之，彼如飛鳥，吾屋雖火，而以銳利將有之利，如其所乘，謂者何不乘也！"
    },
    {
        "id": "70acf098-609a-4ca2-8533-53bf1f9d8828",
        "output": "桓公說： 我希望聽聞有水災的傳聞。"
    },
    {
        "id": "564a4fa4-d19e-4b40-87b4-d148a8ae1c99",
        "output": "王戎夢有一人送他七顆椹子，他便將其捏於心包。"
    },
    {
        "id": "cfb9d91c-0684-4eca-8483-e0c7337474c4",
        "output": "夫之喜財，不為之，為之而不補，則謂之有隙也。"
    },
    {
        "id": "531f7c23-26fc-41a7-8e63-6838c3d57665",
        "output": "周公誅殺管叔、流放蔡叔，季子以鴆酒毒死叔牙，安樂君就是這樣的人啊！"
    },
    {
        "id": "b6fe97e8-1c24-47a5-a399-48f9fa6f41cc",
        "output": "河陰之役，我沒逃脫命運的捉弄。"
    },
    {
        "id": "25e080dd-9019-4eba-9ca3-131bc4b73653",
        "output": "從此遷都許後，曹操掌有權，天子自顧不憂，百公皆虛官。"
    }
]